image_folder_path,filename
tum,1311868169.163498.png
tum,1311868169.263274.png
tum,1311868169.363470.png
tum,1311868169.463229.png
tum,1311868169.563501.png
tum,1311868169.663240.png
tum,1311868169.763417.png
tum,1311868169.863396.png
tum,1311868169.963415.png
tum,1311868170.063469.png
tum,1311868170.163416.png
tum,1311868170.263521.png
tum,1311868170.363400.png
tum,1311868170.463383.png
tum,1311868170.563345.png
tum,1311868170.663430.png
tum,1311868170.763453.png
tum,1311868170.863446.png
tum,1311868170.963440.png
tum,1311868171.063438.png